{
	"credit": "Made with Blockbench",
	"textures": {
		"0": "block/bamboo_stage0",
		"particle": "block/bamboo_stage0"
	},
	"elements": [
		{
			"from": [15, 0, 15],
			"to": [16, 1, 16],
			"faces": {
				"north": {"uv": [0, 0, 1, 1], "texture": "#0"},
				"east": {"uv": [0, 0, 1, 1], "texture": "#0"},
				"south": {"uv": [0, 0, 1, 1], "texture": "#0"},
				"west": {"uv": [0, 0, 1, 1], "texture": "#0"},
				"up": {"uv": [0, 0, 1, 1], "texture": "#0"},
				"down": {"uv": [0, 0, 1, 1], "texture": "#0"}
			}
		},
		{
			"from": [10, 0, 6],
			"to": [11, 5, 10],
			"faces": {
				"north": {"uv": [5, 11, 6, 16], "texture": "#0"},
				"east": {"uv": [5, 11, 9, 16], "texture": "#0"},
				"south": {"uv": [5, 11, 6, 16], "texture": "#0"},
				"west": {"uv": [5, 11, 9, 16], "texture": "#0"},
				"up": {"uv": [5, 11, 6, 15], "texture": "#0"},
				"down": {"uv": [5, 12, 6, 16], "texture": "#0"}
			}
		},
		{
			"from": [6, 0, 5],
			"to": [10, 5, 6],
			"faces": {
				"north": {"uv": [6, 11, 10, 16], "texture": "#0"},
				"east": {"uv": [6, 11, 7, 16], "texture": "#0"},
				"south": {"uv": [0, 0, 4, 5], "texture": "#0"},
				"west": {"uv": [9, 11, 10, 16], "texture": "#0"},
				"up": {"uv": [7, 13, 11, 14], "texture": "#0"},
				"down": {"uv": [0, 0, 4, 1], "texture": "#0"}
			}
		},
		{
			"from": [5, 0, 6],
			"to": [6, 4, 10],
			"faces": {
				"north": {"uv": [5, 11, 6, 15], "texture": "#0"},
				"east": {"uv": [5, 11, 9, 15], "texture": "#0"},
				"south": {"uv": [9, 10, 10, 14], "texture": "#0"},
				"west": {"uv": [6, 10, 10, 14], "texture": "#0"},
				"up": {"uv": [8, 11, 9, 15], "texture": "#0"},
				"down": {"uv": [0, 0, 1, 4], "texture": "#0"}
			}
		},
		{
			"from": [6, 0, 10],
			"to": [10, 4, 11],
			"faces": {
				"north": {"uv": [5, 11, 9, 15], "texture": "#0"},
				"east": {"uv": [5, 11, 6, 15], "texture": "#0"},
				"south": {"uv": [5, 11, 9, 15], "texture": "#0"},
				"west": {"uv": [5, 11, 6, 15], "texture": "#0"},
				"up": {"uv": [5, 11, 9, 12], "texture": "#0"},
				"down": {"uv": [5, 12, 9, 13], "texture": "#0"}
			}
		},
		{
			"from": [8, 4, 10],
			"to": [10, 5, 11],
			"faces": {
				"north": {"uv": [5, 11, 7, 12], "texture": "#0"},
				"east": {"uv": [5, 11, 6, 12], "texture": "#0"},
				"south": {"uv": [5, 11, 7, 12], "texture": "#0"},
				"west": {"uv": [5, 11, 6, 12], "texture": "#0"},
				"up": {"uv": [5, 11, 7, 12], "texture": "#0"},
				"down": {"uv": [5, 12, 7, 13], "texture": "#0"}
			}
		},
		{
			"from": [6, 0, 6],
			"to": [10, 8, 10],
			"faces": {
				"north": {"uv": [6, 7, 10, 15], "texture": "#0"},
				"east": {"uv": [6, 7, 10, 15], "texture": "#0"},
				"south": {"uv": [6, 7, 10, 15], "texture": "#0"},
				"west": {"uv": [6, 7, 10, 15], "texture": "#0"},
				"up": {"uv": [6, 6, 10, 10], "texture": "#0"},
				"down": {"uv": [6, 6, 10, 10], "texture": "#0"}
			}
		},
		{
			"from": [6, 8, 8],
			"to": [7, 10, 9],
			"faces": {
				"north": {"uv": [6, 6, 7, 8], "texture": "#0"},
				"east": {"uv": [6, 6, 7, 8], "texture": "#0"},
				"south": {"uv": [6, 6, 7, 8], "texture": "#0"},
				"west": {"uv": [6, 6, 7, 8], "texture": "#0"},
				"up": {"uv": [6, 6, 7, 7], "texture": "#0"},
				"down": {"uv": [6, 6, 7, 7], "texture": "#0"}
			}
		},
		{
			"from": [6, 8, 7],
			"to": [7, 9, 8],
			"faces": {
				"north": {"uv": [6, 6, 7, 7], "texture": "#0"},
				"east": {"uv": [6, 6, 7, 7], "texture": "#0"},
				"south": {"uv": [6, 6, 7, 7], "texture": "#0"},
				"west": {"uv": [6, 6, 7, 7], "texture": "#0"},
				"up": {"uv": [6, 6, 7, 7], "texture": "#0"},
				"down": {"uv": [6, 6, 7, 7], "texture": "#0"}
			}
		},
		{
			"from": [7, 9, 9],
			"to": [9, 10, 10],
			"faces": {
				"north": {"uv": [0, 0, 2, 1], "texture": "#0"},
				"east": {"uv": [6, 6, 7, 7], "texture": "#0"},
				"south": {"uv": [7, 5, 9, 6], "texture": "#0"},
				"west": {"uv": [6, 6, 7, 7], "texture": "#0"},
				"up": {"uv": [7, 4, 9, 5], "texture": "#0"},
				"down": {"uv": [0, 0, 2, 1], "texture": "#0"}
			}
		},
		{
			"from": [9, 8, 7],
			"to": [10, 10, 9],
			"faces": {
				"north": {"uv": [6, 6, 7, 8], "texture": "#0"},
				"east": {"uv": [7, 4, 9, 6], "texture": "#0"},
				"south": {"uv": [6, 6, 7, 8], "texture": "#0"},
				"west": {"uv": [6, 6, 8, 8], "texture": "#0"},
				"up": {"uv": [6, 6, 7, 8], "texture": "#0"},
				"down": {"uv": [6, 6, 7, 8], "texture": "#0"}
			}
		},
		{
			"from": [6, 8, 9],
			"to": [10, 9, 10],
			"faces": {
				"north": {"uv": [6, 6, 10, 7], "texture": "#0"},
				"east": {"uv": [6, 6, 7, 7], "texture": "#0"},
				"south": {"uv": [6, 6, 10, 7], "texture": "#0"},
				"west": {"uv": [6, 6, 7, 7], "texture": "#0"},
				"up": {"uv": [6, 6, 10, 7], "texture": "#0"},
				"down": {"uv": [6, 6, 10, 7], "texture": "#0"}
			}
		},
		{
			"from": [7, 8, 6],
			"to": [9, 9, 7],
			"faces": {
				"north": {"uv": [7, 6, 9, 7], "texture": "#0"},
				"east": {"uv": [6, 6, 7, 7], "texture": "#0"},
				"south": {"uv": [6, 6, 8, 7], "texture": "#0"},
				"west": {"uv": [6, 6, 7, 7], "texture": "#0"},
				"up": {"uv": [6, 6, 8, 7], "texture": "#0"},
				"down": {"uv": [6, 6, 8, 7], "texture": "#0"}
			}
		},
		{
			"from": [8, 11, 8],
			"to": [9, 13, 9],
			"faces": {
				"north": {"uv": [7, 2, 8, 4], "texture": "#0"},
				"east": {"uv": [7, 2, 8, 4], "texture": "#0"},
				"south": {"uv": [7, 2, 8, 4], "texture": "#0"},
				"west": {"uv": [7, 2, 8, 4], "texture": "#0"},
				"up": {"uv": [7, 2, 8, 3], "texture": "#0"},
				"down": {"uv": [0, 0, 1, 1], "texture": "#0"}
			}
		},
		{
			"from": [7, 8, 7],
			"to": [9, 11, 9],
			"faces": {
				"north": {"uv": [7, 4, 9, 7], "texture": "#0"},
				"east": {"uv": [7, 4, 9, 7], "texture": "#0"},
				"south": {"uv": [7, 4, 9, 7], "texture": "#0"},
				"west": {"uv": [9, 4, 7, 7], "texture": "#0"},
				"up": {"uv": [7, 4, 9, 6], "rotation": 270, "texture": "#0"},
				"down": {"uv": [0, 0, 2, 2], "texture": "#0"}
			}
		}
	],
	"groups": [
		{
			"name": "group",
			"origin": [0, 0, 0],
			"color": 0,
			"children": [
				0,
				{
					"name": "group",
					"origin": [0, 0, 0],
					"color": 0,
					"children": [1, 2, 3, 4, 5]
				},
				{
					"name": "group",
					"origin": [0, 0, 0],
					"color": 0,
					"children": [6, 7, 8, 9, 10, 11, 12]
				}
			]
		},
		{
			"name": "group",
			"origin": [0, 0, 0],
			"color": 0,
			"children": [13, 14]
		}
	]
}