{
	"credit": "Made with Blockbench",
	"textures": {
		"0": "block/bamboo_stage0",
		"particle": "block/bamboo_stage0"
	},
	"elements": [
		{
			"from": [6, 0, 6],
			"to": [9, 1, 9],
			"faces": {
				"north": {"uv": [11, 15, 8, 16], "texture": "#0"},
				"east": {"uv": [8, 13, 5, 14], "texture": "#0"},
				"south": {"uv": [6, 9, 9, 10], "texture": "#0"},
				"west": {"uv": [8, 15, 11, 16], "texture": "#0"},
				"up": {"uv": [5, 13, 8, 16], "rotation": 90, "texture": "#0"},
				"down": {"uv": [8, 13, 11, 16], "texture": "#0"}
			}
		},
		{
			"from": [6, 1, 7],
			"to": [9, 2, 9],
			"faces": {
				"north": {"uv": [6, 12, 9, 13], "texture": "#0"},
				"east": {"uv": [6, 14, 8, 15], "texture": "#0"},
				"south": {"uv": [8, 13, 11, 14], "texture": "#0"},
				"west": {"uv": [6, 13, 8, 14], "texture": "#0"},
				"up": {"uv": [6, 11, 9, 13], "texture": "#0"},
				"down": {"uv": [8, 13, 11, 15], "texture": "#0"}
			}
		},
		{
			"from": [6, 1, 6],
			"to": [8, 2, 7],
			"faces": {
				"north": {"uv": [7, 9, 9, 10], "texture": "#0"},
				"east": {"uv": [8, 12, 9, 13], "texture": "#0"},
				"south": {"uv": [1, 0, 3, 1], "texture": "#0"},
				"west": {"uv": [5, 12, 6, 13], "texture": "#0"},
				"up": {"uv": [6, 13, 8, 14], "texture": "#0"},
				"down": {"uv": [8, 13, 10, 14], "texture": "#0"}
			}
		},
		{
			"from": [6, 2, 7],
			"to": [8, 3, 8],
			"faces": {
				"north": {"uv": [8, 14, 10, 15], "texture": "#0"},
				"east": {"uv": [6, 14, 7, 15], "texture": "#0"},
				"south": {"uv": [6, 12, 8, 13], "texture": "#0"},
				"west": {"uv": [6, 14, 7, 15], "texture": "#0"},
				"up": {"uv": [6, 13, 8, 14], "texture": "#0"},
				"down": {"uv": [8, 13, 10, 14], "texture": "#0"}
			}
		},
		{
			"from": [7, 3, 7],
			"to": [8, 5, 8],
			"faces": {
				"north": {"uv": [10, 14, 8, 13], "rotation": 90, "texture": "#0"},
				"east": {"uv": [6, 12, 7, 14], "texture": "#0"},
				"south": {"uv": [10, 13, 8, 14], "rotation": 90, "texture": "#0"},
				"west": {"uv": [10, 13, 8, 14], "rotation": 90, "texture": "#0"},
				"up": {"uv": [8, 14, 9, 15], "texture": "#0"},
				"down": {"uv": [0, 0, 1, 1], "texture": "#0"}
			}
		},
		{
			"from": [7, 2, 8],
			"to": [8, 3, 9],
			"faces": {
				"north": {"uv": [7, 12, 8, 13], "texture": "#0"},
				"east": {"uv": [6, 14, 7, 15], "texture": "#0"},
				"south": {"uv": [8, 11, 9, 12], "texture": "#0"},
				"west": {"uv": [6, 12, 7, 13], "texture": "#0"},
				"up": {"uv": [7, 13, 8, 14], "texture": "#0"},
				"down": {"uv": [9, 13, 10, 14], "texture": "#0"}
			}
		},
		{
			"from": [8, 2, 7],
			"to": [9, 3, 8],
			"faces": {
				"north": {"uv": [6, 12, 7, 13], "texture": "#0"},
				"east": {"uv": [6, 14, 7, 15], "texture": "#0"},
				"south": {"uv": [6, 12, 7, 13], "texture": "#0"},
				"west": {"uv": [6, 14, 7, 15], "texture": "#0"},
				"up": {"uv": [6, 13, 7, 14], "texture": "#0"},
				"down": {"uv": [8, 13, 9, 14], "texture": "#0"}
			}
		},
		{
			"from": [7, 2, 6],
			"to": [8, 3, 7],
			"faces": {
				"north": {"uv": [6, 12, 7, 13], "texture": "#0"},
				"east": {"uv": [6, 14, 7, 15], "texture": "#0"},
				"south": {"uv": [6, 12, 7, 13], "texture": "#0"},
				"west": {"uv": [6, 14, 7, 15], "texture": "#0"},
				"up": {"uv": [6, 13, 7, 14], "texture": "#0"},
				"down": {"uv": [8, 13, 9, 14], "texture": "#0"}
			}
		}
	]
}