{
	"credit": "Made with Blockbench",
	"textures": {
		"0": "block/bamboo_stage0",
		"particle": "block/bamboo_stage0"
	},
	"elements": [
		{
			"from": [6, 0, 6],
			"to": [9, 2, 9],
			"faces": {
				"north": {"uv": [7, 13, 10, 15], "texture": "#0"},
				"east": {"uv": [8, 13, 11, 15], "texture": "#0"},
				"south": {"uv": [7, 13, 10, 15], "texture": "#0"},
				"west": {"uv": [8, 13, 11, 15], "texture": "#0"},
				"up": {"uv": [8, 13, 11, 16], "texture": "#0"},
				"down": {"uv": [8, 9, 11, 12], "texture": "#0"}
			}
		},
		{
			"from": [6, 2, 6],
			"to": [8, 3, 9],
			"faces": {
				"north": {"uv": [7, 13, 9, 14], "texture": "#0"},
				"east": {"uv": [8, 13, 11, 14], "texture": "#0"},
				"south": {"uv": [7, 13, 9, 14], "texture": "#0"},
				"west": {"uv": [8, 13, 11, 14], "texture": "#0"},
				"up": {"uv": [8, 13, 10, 16], "texture": "#0"},
				"down": {"uv": [7, 13, 9, 16], "texture": "#0"}
			}
		},
		{
			"from": [8, 2, 6],
			"to": [9, 3, 8],
			"faces": {
				"north": {"uv": [7, 13, 8, 14], "texture": "#0"},
				"east": {"uv": [8, 13, 10, 14], "texture": "#0"},
				"south": {"uv": [7, 13, 8, 14], "texture": "#0"},
				"west": {"uv": [8, 13, 10, 14], "texture": "#0"},
				"up": {"uv": [8, 13, 9, 15], "texture": "#0"},
				"down": {"uv": [7, 13, 8, 15], "texture": "#0"}
			}
		},
		{
			"from": [6, 0, 5],
			"to": [8, 2, 6],
			"faces": {
				"north": {"uv": [7, 13, 9, 15], "texture": "#0"},
				"east": {"uv": [8, 13, 9, 15], "texture": "#0"},
				"south": {"uv": [7, 13, 9, 15], "texture": "#0"},
				"west": {"uv": [8, 13, 9, 15], "texture": "#0"},
				"up": {"uv": [8, 13, 10, 14], "texture": "#0"},
				"down": {"uv": [7, 13, 9, 14], "texture": "#0"}
			}
		},
		{
			"from": [6, 2, 5],
			"to": [7, 3, 6],
			"faces": {
				"north": {"uv": [7, 13, 8, 14], "texture": "#0"},
				"east": {"uv": [8, 13, 9, 14], "texture": "#0"},
				"south": {"uv": [7, 13, 8, 14], "texture": "#0"},
				"west": {"uv": [8, 13, 9, 14], "texture": "#0"},
				"up": {"uv": [8, 13, 9, 14], "texture": "#0"},
				"down": {"uv": [7, 13, 8, 14], "texture": "#0"}
			}
		},
		{
			"from": [5, 0, 6],
			"to": [6, 3, 8],
			"faces": {
				"north": {"uv": [7, 13, 8, 16], "texture": "#0"},
				"east": {"uv": [8, 13, 10, 16], "texture": "#0"},
				"south": {"uv": [7, 13, 8, 16], "texture": "#0"},
				"west": {"uv": [8, 13, 10, 16], "texture": "#0"},
				"up": {"uv": [8, 13, 9, 15], "texture": "#0"},
				"down": {"uv": [7, 13, 8, 15], "texture": "#0"}
			}
		},
		{
			"from": [5, 3, 6],
			"to": [6, 4, 7],
			"faces": {
				"north": {"uv": [7, 13, 8, 14], "texture": "#0"},
				"east": {"uv": [8, 13, 9, 14], "texture": "#0"},
				"south": {"uv": [7, 13, 8, 14], "texture": "#0"},
				"west": {"uv": [8, 13, 9, 14], "texture": "#0"},
				"up": {"uv": [8, 13, 9, 14], "texture": "#0"},
				"down": {"uv": [7, 13, 8, 14], "texture": "#0"}
			}
		},
		{
			"from": [6, 3, 8],
			"to": [8, 4, 9],
			"faces": {
				"north": {"uv": [7, 13, 9, 14], "texture": "#0"},
				"east": {"uv": [8, 13, 9, 14], "texture": "#0"},
				"south": {"uv": [7, 13, 9, 14], "texture": "#0"},
				"west": {"uv": [8, 13, 9, 14], "texture": "#0"},
				"up": {"uv": [8, 13, 10, 14], "texture": "#0"},
				"down": {"uv": [7, 13, 9, 14], "texture": "#0"}
			}
		},
		{
			"from": [6, 3, 6],
			"to": [8, 5, 8],
			"faces": {
				"north": {"uv": [7, 4, 9, 6], "texture": "#0"},
				"east": {"uv": [7, 4, 9, 6], "texture": "#0"},
				"south": {"uv": [7, 4, 9, 6], "texture": "#0"},
				"west": {"uv": [7, 4, 9, 6], "texture": "#0"},
				"up": {"uv": [7, 4, 9, 6], "texture": "#0"},
				"down": {"uv": [7, 4, 9, 6], "texture": "#0"}
			}
		},
		{
			"from": [6, 5, 7],
			"to": [8, 6, 8],
			"faces": {
				"north": {"uv": [7, 4, 9, 5], "texture": "#0"},
				"east": {"uv": [7, 4, 8, 5], "texture": "#0"},
				"south": {"uv": [7, 4, 9, 5], "texture": "#0"},
				"west": {"uv": [7, 4, 8, 5], "texture": "#0"},
				"up": {"uv": [7, 4, 9, 5], "texture": "#0"},
				"down": {"uv": [7, 4, 9, 5], "texture": "#0"}
			}
		},
		{
			"from": [6, 6, 7],
			"to": [7, 8, 8],
			"faces": {
				"north": {"uv": [7, 2, 8, 4], "texture": "#0"},
				"east": {"uv": [7, 2, 8, 4], "texture": "#0"},
				"south": {"uv": [7, 2, 8, 4], "texture": "#0"},
				"west": {"uv": [7, 2, 8, 4], "texture": "#0"},
				"up": {"uv": [7, 2, 8, 3], "texture": "#0"},
				"down": {"uv": [7, 2, 8, 3], "texture": "#0"}
			}
		},
		{
			"from": [9, 0, 9],
			"to": [11, 2, 11],
			"faces": {
				"north": {"uv": [7, 9, 9, 11], "texture": "#0"},
				"east": {"uv": [7, 9, 9, 11], "texture": "#0"},
				"south": {"uv": [5, 12, 7, 14], "texture": "#0"},
				"west": {"uv": [7, 9, 9, 11], "texture": "#0"},
				"up": {"uv": [7, 9, 9, 11], "texture": "#0"},
				"down": {"uv": [7, 9, 9, 11], "texture": "#0"}
			}
		},
		{
			"from": [9, 2, 10],
			"to": [11, 3, 11],
			"faces": {
				"north": {"uv": [7, 9, 9, 10], "texture": "#0"},
				"east": {"uv": [7, 9, 8, 10], "texture": "#0"},
				"south": {"uv": [7, 9, 9, 10], "texture": "#0"},
				"west": {"uv": [7, 9, 8, 10], "texture": "#0"},
				"up": {"uv": [7, 9, 9, 10], "texture": "#0"},
				"down": {"uv": [7, 9, 9, 10], "texture": "#0"}
			}
		},
		{
			"from": [10, 2, 9],
			"to": [11, 3, 10],
			"faces": {
				"north": {"uv": [7, 9, 8, 10], "texture": "#0"},
				"east": {"uv": [7, 9, 8, 10], "texture": "#0"},
				"south": {"uv": [7, 9, 8, 10], "texture": "#0"},
				"west": {"uv": [7, 9, 8, 10], "texture": "#0"},
				"up": {"uv": [7, 9, 8, 10], "texture": "#0"},
				"down": {"uv": [7, 9, 8, 10], "texture": "#0"}
			}
		},
		{
			"from": [10, 3, 10],
			"to": [11, 5, 11],
			"faces": {
				"north": {"uv": [5, 11, 6, 13], "texture": "#0"},
				"east": {"uv": [6, 11, 7, 13], "texture": "#0"},
				"south": {"uv": [6, 11, 7, 13], "texture": "#0"},
				"west": {"uv": [7, 9, 8, 11], "texture": "#0"},
				"up": {"uv": [6, 11, 7, 12], "texture": "#0"},
				"down": {"uv": [7, 9, 8, 10], "texture": "#0"}
			}
		}
	],
	"groups": [
		{
			"name": "group",
			"origin": [0, 0, 0],
			"color": 0,
			"children": [0, 1, 2, 3, 4, 5, 6, 7]
		},
		{
			"name": "group",
			"origin": [0, 0, 0],
			"color": 0,
			"children": [8, 9, 10]
		},
		{
			"name": "group",
			"origin": [0, 0, 0],
			"color": 0,
			"children": [11, 12, 13, 14]
		}
	]
}