{
 "parent": "item/handheld",
 "textures": {
  "layer0": "item/carrot_on_a_stick"
 },

 "overrides": [
  { "predicate": {"custom_model_data": 26037}, "model": "paraglide:item/black_paraglide"},
  { "predicate": {"custom_model_data": 26038}, "model": "paraglide:item/blue_paraglide"},
  { "predicate": {"custom_model_data": 26039}, "model": "paraglide:item/brown_paraglide"},
  { "predicate": {"custom_model_data": 260310}, "model": "paraglide:item/cyan_paraglide"},
  { "predicate": {"custom_model_data": 260311}, "model": "paraglide:item/gray_paraglide"},
  { "predicate": {"custom_model_data": 260312}, "model": "paraglide:item/green_paraglide"},
  { "predicate": {"custom_model_data": 260313}, "model": "paraglide:item/light_blue_paraglide"},
  { "predicate": {"custom_model_data": 260314}, "model": "paraglide:item/light_gray_paraglide"},
  { "predicate": {"custom_model_data": 260315}, "model": "paraglide:item/lime_paraglide"},
  { "predicate": {"custom_model_data": 260316}, "model": "paraglide:item/magenta_paraglide"},
  { "predicate": {"custom_model_data": 260317}, "model": "paraglide:item/orange_paraglide"},
  { "predicate": {"custom_model_data": 260318}, "model": "paraglide:item/pink_paraglide"},
  { "predicate": {"custom_model_data": 260319}, "model": "paraglide:item/purple_paraglide"},
  { "predicate": {"custom_model_data": 260320}, "model": "paraglide:item/red_paraglide"},
  { "predicate": {"custom_model_data": 260321}, "model": "paraglide:item/white_paraglide"},
  { "predicate": {"custom_model_data": 260322}, "model": "paraglide:item/yellow_paraglide"}

 ]

 
}